id,conversation_id,created_at,date,time,timezone,user_id,username,name,place,tweet,language,mentions,urls,photos,replies_count,retweets_count,likes_count,hashtags,cashtags,link,retweet,quote_url,video,thumbnail,near,geo,source,user_rt_id,user_rt,retweet_id,reply_to,retweet_date,translate,trans_src,trans_dest
1343722357685411847,1343722357685411847,2020-12-29 00:55:49 UTC,2020-12-29,00:55:49,+0000,1168623393924616192,federalfelicio,Delegado Fel√≠cio Later√ßa,,"O ex-presidi√°rio Lula, condenado h√° mais de 20 anos de pris√£o por corrup√ß√£o e lavagem de dinheiro agora est√° em CUBA, tirando ‚Äúf√©rias‚Äù, custeada com dinheiro p√∫blico! Tem cabimento uma coisa dessas?? Precisamos que o governo tenha a iniciativa pra acabar com as farras!  https://t.co/jp5cmNF5Uh",pt,[],[],['https://pbs.twimg.com/media/EqXcV6gW4AABzu2.jpg'],11,0,4,[],[],https://twitter.com/FederalFelicio/status/1343722357685411847,False,,1,https://pbs.twimg.com/media/EqXcV6gW4AABzu2.jpg,,,,,,,[],,,,
1342516539245912066,1342516539245912066,2020-12-25 17:04:20 UTC,2020-12-25,17:04:20,+0000,1168623393924616192,federalfelicio,Delegado Fel√≠cio Later√ßa,,"Alguns criticando a aten√ß√£o da m√≠dia pela tr√°gica morte da ju√≠za assassinada brutalmente ontem pelo ex. Se a viol√™ncia atinge ju√≠za, promotora, delegada, mulheres militares etc, imaginem as mulheres em situa√ß√£o de vulnerabilidade. Basta de viol√™ncia contra as mulheres! ‚úãüèªü•∞üå∏",pt,[],[],[],0,1,10,[],[],https://twitter.com/FederalFelicio/status/1342516539245912066,False,,0,,,,,,,,[],,,,
1340030002188980225,1340030002188980225,2020-12-18 20:23:43 UTC,2020-12-18,20:23:43,+0000,1168623393924616192,federalfelicio,Delegado Fel√≠cio Later√ßa,,"Parab√©ns ao Presidente @tjrjoficial Desembargador Claudio de Mello Tavares, por preservar o ‚Äú... manifesto interesse p√∫blico e a grave les√£o √† ordem e √† economia p√∫blicas...‚Äù em Arma√ß√£o dos B√∫zios (nossa BZ). Abra√ßo todos os que foram as ruas e manifestaram pacificamente. ü§óüëèüèªüëèüèª",pt,"[{'screen_name': 'tjrjoficial', 'name': 'tjrj', 'id': '2657945006'}]",[],[],1,1,3,[],[],https://twitter.com/FederalFelicio/status/1340030002188980225,False,,0,,,,,,,,[],,,,
1339750429849227272,1339750429849227272,2020-12-18 01:52:48 UTC,2020-12-18,01:52:48,+0000,1168623393924616192,federalfelicio,Delegado Fel√≠cio Later√ßa,,"Orientamos pelo PSL favor√°vel a aprova√ß√£o do PLP 135, para descontingenciar o FNDCT em prol da Ci√™ncia e Tecnologia. Mesmo assim teve Deputado traidor que votou contra o futuro do Brasil. Aprovamos! Agora √© com nosso Ministro @Astro_Pontes. üôåüèªüáßüá∑",pt,"[{'screen_name': 'astro_pontes', 'name': 'marcos pontes', 'id': '93339429'}]",[],[],1,3,5,[],[],https://twitter.com/FederalFelicio/status/1339750429849227272,False,,0,,,,,,,,[],,,,
1338593439550758913,1338593439550758913,2020-12-14 21:15:20 UTC,2020-12-14,21:15:20,+0000,1168623393924616192,federalfelicio,Delegado Fel√≠cio Later√ßa,,"O PLP135 Prop√µe p/ o FNDCT veda√ß√£o do contingenciamento dos recursos p/ ci√™ncia, tecnologia e Inova√ß√£o. Transformando o FNDCT em fundo de natureza cont√°bil e financeira; proibi√ß√£o do contingenciamento dos recursos; e promo√ß√£o do aporte autom√°tico.",pt,[],[],[],1,1,6,[],[],https://twitter.com/FederalFelicio/status/1338593439550758913,False,,0,,,,,,,,[],,,,
1338593261808726019,1338593261808726019,2020-12-14 21:14:38 UTC,2020-12-14,21:14:38,+0000,1168623393924616192,federalfelicio,Delegado Fel√≠cio Later√ßa,,"Nos √∫ltimos anos, o FNDCT tem sido fortemente contingenciado, neste momento o pa√≠s precisa, e muito, de ci√™ncia, tecnologia e inova√ß√£o para se reerguer da crise produzida pela pandemia da Covid-19.",pt,[],[],[],1,1,6,[],[],https://twitter.com/FederalFelicio/status/1338593261808726019,False,,0,,,,,,,,[],,,,
1338593072851070982,1338593072851070982,2020-12-14 21:13:53 UTC,2020-12-14,21:13:53,+0000,1168623393924616192,federalfelicio,Delegado Fel√≠cio Later√ßa,,"CI√äNCIA, TECNOLOGIA E INOVA√á√ÉO PARA REERGUER O PA√çS! O PLP 135 ser√° votado agora a tarde na C√¢mara. Meu total apoio ao Fundo Nacional de Desenvolvimento Cient√≠fico e Tecnol√≥gico (FNDCT)",pt,[],[],[],1,0,6,[],[],https://twitter.com/FederalFelicio/status/1338593072851070982,False,,0,,,,,,,,[],,,,
1336807121149693962,1336807121149693962,2020-12-09 22:57:09 UTC,2020-12-09,22:57:09,+0000,1168623393924616192,federalfelicio,Delegado Fel√≠cio Later√ßa,,"Fakenews deve ser desmentida mesmo! Declara√ß√£o de cr√≠ticas ao jornalismo tendencioso do grupo #Globo n√£o deveria ser motivo de exonera√ß√£o. Me solidarizo com a Tenente Coronel Gabryela Dantas, que n√£o falou nada mais que a verdade! Mandou bem!",pt,[],[],[],1,1,8,['globo'],[],https://twitter.com/FederalFelicio/status/1336807121149693962,False,,0,,,,,,,,[],,,,
1331626359165243393,1331626359165243393,2020-11-25 15:50:39 UTC,2020-11-25,15:50:39,+0000,1168623393924616192,federalfelicio,Delegado Fel√≠cio Later√ßa,,"Convenhamos, ‚Äúimposto sindical‚Äù era uma verdadeira PIADA. A CUT luta pelos direitos do trabalhador aplicando mais um boleto em suas contas? Usando esse dinheiro para promover bagun√ßa, invas√£o e vandalismo? √â a queda do sindicalismo fajuto que √© feito no Brasil. V√ÉO TRABALHAR!  https://t.co/E8eFTmvJIi",pt,[],[],['https://pbs.twimg.com/media/EnrjG_XW8AEJuaK.jpg'],0,2,4,[],[],https://twitter.com/FederalFelicio/status/1331626359165243393,False,,1,https://pbs.twimg.com/media/EnrjG_XW8AEJuaK.jpg,,,,,,,[],,,,
1328852937033076737,1328852937033076737,2020-11-18 00:10:03 UTC,2020-11-18,00:10:03,+0000,1168623393924616192,federalfelicio,Delegado Fel√≠cio Later√ßa,,Uma vergonha p/ o Brasil! At√© a esquerda norte-americana reconhece o quanto Lula roubou! Obama comparou ‚Äúo cara‚Äù a chef√µes mafiosos. Apontou em seu livro ‚Äòneg√≥cios por baixo do pano e propinas na casa dos bilh√µes‚Äô. Enquanto isso a impunidade aqui segue solta!,pt,[],[],[],1,2,4,[],[],https://twitter.com/FederalFelicio/status/1328852937033076737,False,,0,,,,,,,,[],,,,
1323778893602562048,1323778893602562048,2020-11-04 00:07:37 UTC,2020-11-04,00:07:37,+0000,1168623393924616192,federalfelicio,Delegado Fel√≠cio Later√ßa,,"A decis√£o que vimos hoje foi uma verdadeira afronta a dignidade e a honra da MULHER. ABSURDO! Estupro culposo?! S√£o por decis√µes como essa que viramos motivo de chacota, e a impunidade corre solta. No final das contas, a v√≠tima e sua fam√≠lia ‚Äúpagando a conta‚Äù. AT√â QUANDO???  https://t.co/r2AWpLHhJk",pt,[],[],['https://pbs.twimg.com/media/El8B4THW0AE3Vja.jpg'],0,2,7,[],[],https://twitter.com/FederalFelicio/status/1323778893602562048,False,,1,https://pbs.twimg.com/media/El8B4THW0AE3Vja.jpg,,,,,,,[],,,,
1319099275138207744,1319099275138207744,2020-10-22 02:12:29 UTC,2020-10-22,02:12:29,+0000,1168623393924616192,federalfelicio,Delegado Fel√≠cio Later√ßa,,"Triste not√≠cia. Perdemos um amigo, um homem de bem. O Senador Arolde de Oliveira era meu vice-presidente na Frente Parlamentar Mista em defesa da Cultura e do Desenvolvimento Social. Perde o Rio, perde o Brasil. Que Deus conforte os cora√ß√µes da fam√≠lia üôèüèº  https://t.co/rzrS1Ntf8s",pt,[],[],['https://pbs.twimg.com/media/Ek5hy_SXgAsaLmn.jpg'],2,0,4,[],[],https://twitter.com/FederalFelicio/status/1319099275138207744,False,,1,https://pbs.twimg.com/media/Ek5hy_SXgAsaLmn.jpg,,,,,,,[],,,,
1316196536196399105,1316196536196399105,2020-10-14 01:58:02 UTC,2020-10-14,01:58:02,+0000,1168623393924616192,federalfelicio,Delegado Fel√≠cio Later√ßa,,"Apresentei hoje o PL 4900/20 para retirar do CPP o jabuti que foi colocado no projeto anticrime. Parece at√© que o projeto era ‚Äúem favor do crime‚Äù. A esquerda plantou o garantismo, e repassou a conta ao MP e Judici√°rio. Est√£o reinventando a roda! O lugar de CRIMINOSO √â NA CADEIA!",pt,[],[],[],2,1,4,[],[],https://twitter.com/FederalFelicio/status/1316196536196399105,False,,0,,,,,,,,[],,,,
1315671363445755905,1315671363445755905,2020-10-12 15:11:11 UTC,2020-10-12,15:11:11,+0000,1168623393924616192,federalfelicio,Delegado Fel√≠cio Later√ßa,,"DECIS√ÉO RACIONAL, PENA QUE TARDIA! O STF precisa proteger as pessoas de  BEM da nossa sociedade. A soltura de um traficante (Andr√© do Rap) de alta periculosidade, n√£o deveria sequer ser cogitada! O desafio agora √© a pris√£o do foragido. Sempre sobra pra POL√çCIA. For√ßa, Honra e F√©!  https://t.co/uL0CJMAkwk",pt,[],[],['https://pbs.twimg.com/media/EkI0IK2XYAIKXpD.jpg'],0,0,4,[],[],https://twitter.com/FederalFelicio/status/1315671363445755905,False,,1,https://pbs.twimg.com/media/EkI0IK2XYAIKXpD.jpg,,,,,,,[],,,,
1306333160377069569,1306333160377069569,2020-09-16 20:44:30 UTC,2020-09-16,20:44:30,+0000,1168623393924616192,federalfelicio,Delegado Fel√≠cio Later√ßa,,"Ap√≥s 4 meses ocupando cargo interino, comemoramos hoje a posse oficial do competente @eduardopazuello como nosso Min. da Sa√∫de. Assumir uma pasta t√£o importante em meio a uma batalha contra uma pandemia, exige planejamento, foco e coragem! Conte comigo para superarmos essa crise!  https://t.co/14Xfb9WLXn",pt,"[{'screen_name': 'eduardopazuello', 'name': 'eduardo pazuello', 'id': '1250872379674431488'}]",[],['https://pbs.twimg.com/media/EiEHFG_XcAItMs_.jpg'],3,1,3,[],[],https://twitter.com/FederalFelicio/status/1306333160377069569,False,,1,https://pbs.twimg.com/media/EiEHFG_XcAItMs_.jpg,,,,,,,[],,,,
1301572491513663488,1301572491513663488,2020-09-03 17:27:18 UTC,2020-09-03,17:27:18,+0000,1168623393924616192,federalfelicio,Delegado Fel√≠cio Later√ßa,,"Ops! O primeiro placar o palco n√£o foi no Maraca, e sim Mineir√£o. As derrotas nem sem sempre acontecem no RJ, mas o sofrimento do povo... #PFNeles",pt,[],[],[],6,0,0,['pfneles'],[],https://twitter.com/FederalFelicio/status/1301572491513663488,False,,0,,,,,,,,[],,,,
1301539911988850690,1301539911988850690,2020-09-03 15:17:51 UTC,2020-09-03,15:17:51,+0000,1168623393924616192,federalfelicio,Delegado Fel√≠cio Later√ßa,,"Como no amor, nada do que um placar avassalador pra esquecer o outro. Acredito que, o povo fluminense vai esquecer o placar de ALEMANHA 7X1 BRASIL, palco Maracan√£. Ontem POVO RJ 14X1 WW, palco STJ. #PFNeles #STJ",pt,[],[],[],1,1,4,"['pfneles', 'stj']",[],https://twitter.com/FederalFelicio/status/1301539911988850690,False,,0,,,,,,,,[],,,,
1300552198854762504,1300552198854762504,2020-08-31 21:53:01 UTC,2020-08-31,21:53:01,+0000,1168623393924616192,federalfelicio,Delegado Fel√≠cio Later√ßa,,"Eu n√£o sei o que √© pior: Saber que utilizaram verba p√∫blica pra pagar luxo de bandido ou saber que gastaram fazendo um filme que tenho orgulho de nunca ter visto, mas afirmo que deve ser mais mentiroso do que ‚ÄúVelozes e Furiosos‚Äù! üòÇ √â rir pra n√£o chorar, que lament√°vel!  https://t.co/wtVlGBgsBO",pt,[],[],['https://pbs.twimg.com/media/Egx9UvbXgAA98z5.jpg'],3,1,8,[],[],https://twitter.com/FederalFelicio/status/1300552198854762504,False,,1,https://pbs.twimg.com/media/Egx9UvbXgAA98z5.jpg,,,,,,,[],,,,
1299079392736485380,1299079392736485380,2020-08-27 20:20:37 UTC,2020-08-27,20:20:37,+0000,1168623393924616192,federalfelicio,Delegado Fel√≠cio Later√ßa,,"Meu sentimento √© de revolta pela vida perdida de uma m√£e morta tentando proteger o pr√≥prio filho em meio a troca de tiros entre criminosos. PRECISAMOS DAR UM FIM √Ä ESSA CHACINA DE INOCENTES! Enquanto defendem bandidos, as trag√©dias seguem acontecendo! At√© quando?  https://t.co/7MLklxWx2T",pt,[],[],"['https://pbs.twimg.com/media/EgdB0C-WoAcO2OT.jpg', 'https://pbs.twimg.com/media/EgdB0DTX0AIBYz_.jpg']",1,1,5,[],[],https://twitter.com/FederalFelicio/status/1299079392736485380,False,,1,https://pbs.twimg.com/media/EgdB0C-WoAcO2OT.jpg,,,,,,,[],,,,
1296462952070025216,1296462952070025216,2020-08-20 15:03:49 UTC,2020-08-20,15:03:49,+0000,1168623393924616192,federalfelicio,Delegado Fel√≠cio Later√ßa,,"O grande problema do pa√≠s √© o conflito de interesses! N√≥s, trabalhamos e planejamos formas de levantar o pa√≠s p√≥s-crise e dar suporte aos estados e munic√≠pios. J√° a oposi√ß√£o, inflama o fracasso com o objetivo de criticar o Governo. A ESQUERDA FREIA O BRASIL!  @revistaoeste  https://t.co/ryyd0RMGsK",pt,"[{'screen_name': 'revistaoeste', 'name': 'revista oeste', 'id': '1222939896349970432'}]",[],['https://pbs.twimg.com/media/Ef32LUoXgAAFoyI.jpg'],5,2,5,[],[],https://twitter.com/FederalFelicio/status/1296462952070025216,False,,1,https://pbs.twimg.com/media/Ef32LUoXgAAFoyI.jpg,,,,,,,[],,,,
1296461064939409409,1295113166683340800,2020-08-20 14:56:19 UTC,2020-08-20,14:56:19,+0000,1168623393924616192,federalfelicio,Delegado Fel√≠cio Later√ßa,,"@BruMarquezine Fico cada vez mais abismado com o perfil destes ‚Äúinfluenciadores‚Äù. Se referir a religi√£o dessa forma √©, no m√≠nimo, lament√°vel. Isso √© um desservi√ßo √† comunidade! N√£o confunda aqueles poucos que protestaram com todos aqueles que posssuem uma cren√ßa. Desrespeito sem informa√ß√£o!",pt,[],[],[],0,0,0,[],[],https://twitter.com/FederalFelicio/status/1296461064939409409,False,,0,,,,,,,,"[{'screen_name': 'BruMarquezine', 'name': 'Bruna Marquezine', 'id': '58603510'}]",,,,
1295917969223159809,1295917969223159809,2020-08-19 02:58:15 UTC,2020-08-19,02:58:15,+0000,1168623393924616192,federalfelicio,Delegado Fel√≠cio Later√ßa,, https://t.co/pRz5jsFeld,zxx,[],[],['https://pbs.twimg.com/media/EfwGhaXXoAE-LVo.jpg'],0,1,5,[],[],https://twitter.com/FederalFelicio/status/1295917969223159809,False,,1,https://pbs.twimg.com/media/EfwGhaXXoAE-LVo.jpg,,,,,,,[],,,,
1295912869213741056,1295912869213741056,2020-08-19 02:37:59 UTC,2020-08-19,02:37:59,+0000,1168623393924616192,federalfelicio,Delegado Fel√≠cio Later√ßa,,"Al√©m de ignorar os princ√≠pios crist√£os, ignora que crian√ßas de 6 a 10 anos √© um ser em forma√ß√£o, e que precisa de prote√ß√£o integral  previsto no ECA. Vale lembrar que mais de 90% dos abusadores s√£o conhecidos e possuem algum tipo de poder sobre as suas v√≠timas. ‚ö†Ô∏è RESPONS√ÅVEIS!!!",pt,[],[],[],1,1,7,[],[],https://twitter.com/FederalFelicio/status/1295912869213741056,False,,0,,,,,,,,[],,,,
1295911834873192449,1295911834873192449,2020-08-19 02:33:52 UTC,2020-08-19,02:33:52,+0000,1168623393924616192,federalfelicio,Delegado Fel√≠cio Later√ßa,,"Colocar a culpa de um crime b√°rbaro como esse na v√≠tima, √© desconhecer absolutamente a complexidade dos crimes sexuais contra crian√ßas e adolescentes, e o modus operandi do criminoso que tanto pode usar da ingenuidade da v√≠tima, como pode usar de amea√ßas e at√© viol√™ncia. +",pt,[],[],[],0,0,4,[],[],https://twitter.com/FederalFelicio/status/1295911834873192449,False,,0,,,,,,,,[],,,,
1295911493100339207,1295911493100339207,2020-08-19 02:32:31 UTC,2020-08-19,02:32:31,+0000,1168623393924616192,federalfelicio,Delegado Fel√≠cio Later√ßa,,"N√£o sou favor√°vel ao aborto, mas √© for√ßoso refletir!!! Causa repulsa os coment√°rios sobre o abuso sexual sofrido por uma crian√ßa que se iniciou aos 6 anos de idade, e que suportou este sofrimento at√© os 10 anos quando ficou gr√°vida de seu algoz. +",pt,[],[],[],0,0,4,[],[],https://twitter.com/FederalFelicio/status/1295911493100339207,False,,0,,,,,,,,[],,,,
1283815874793791491,1283815874793791491,2020-07-16 17:28:51 UTC,2020-07-16,17:28:51,+0000,1168623393924616192,federalfelicio,Delegado Fel√≠cio Later√ßa,,"Hoje, os comerciantes trabalham escondidos como se fossem bocas de fumo, e as bocas de fumo ‚Äúrodam‚Äù a todo ‚Äúvapor‚Äù como se fossem comerciantes. Isolamento social ou impunidade? Importante pergunta no dia do comerciante, que deveriam ter um olhar especial dos pol√≠ticos. Eu tenho!!",pt,[],[],[],3,0,12,[],[],https://twitter.com/FederalFelicio/status/1283815874793791491,False,,0,,,,,,,,[],,,,
1281001021117026307,1281001021117026307,2020-07-08 23:03:37 UTC,2020-07-08,23:03:37,+0000,1168623393924616192,federalfelicio,Delegado Fel√≠cio Later√ßa,,"A criminalidade no pa√≠s deve estar de quarentena. A r. decis√£o do Min. Edson Fachin pela proibi√ß√£o das opera√ß√µes policiais  em favelas, ao meu sentir, √© inadmiss√≠vel. Estamos dando prote√ß√£o a criminosos agora? Vejo como retrocesso ao nosso trabalho pela Seg. P√∫blica. Lament√°vel!",pt,[],[],[],2,1,9,[],[],https://twitter.com/FederalFelicio/status/1281001021117026307,False,,0,,,,,,,,[],,,,
1280322440988700672,1280322440988700672,2020-07-07 02:07:11 UTC,2020-07-07,02:07:11,+0000,1168623393924616192,federalfelicio,Delegado Fel√≠cio Later√ßa,,"√â tr√°gico se n√£o fosse c√¥mico ver o PT criticando as privatiza√ß√µes, e gritando por exemplo que ‚Äúo petr√≥leo √© nosso‚Äù. Nosso??? Pagando um dos mais altos pre√ßos do mundo? Estatal no Brasil √© sin√¥nimo de corrup√ß√£o. Acorda üáßüá∑!  #PrivatizaJ√° #PFNeles  #ForaCorrup√ß√£o",pt,[],[],[],0,2,8,"['privatizaj√°', 'pfneles', 'foracorrup√ß√£o']",[],https://twitter.com/FederalFelicio/status/1280322440988700672,False,,0,,,,,,,,[],,,,
1276336669969600513,1276336669969600513,2020-06-26 02:09:09 UTC,2020-06-26,02:09:09,+0000,1168623393924616192,federalfelicio,Delegado Fel√≠cio Later√ßa,,Parab√©ns @decotelli1! Agora o Professor Carlos Alberto Decotelli da Silva √© o n√∫mero 1 da Educa√ß√£o no Brasil. Essa faina n√£o ser√° tarefa das mais f√°ceis. Os brasileiros precisam de rumo. Sucesso na miss√£o! Conte comigo! üáßüá∑üáßüá∑üáßüá∑,pt,[],[],[],1,1,9,[],[],https://twitter.com/FederalFelicio/status/1276336669969600513,False,,0,,,,,,,,[],,,,
1276322795161636869,1276322795161636869,2020-06-26 01:14:01 UTC,2020-06-26,01:14:01,+0000,1168623393924616192,federalfelicio,Delegado Fel√≠cio Later√ßa,,"Pode vir pandemia, gafanhoto, godzilla (nuvem de poeira)... por√©m nada ser√° t√£o destrutivo que a corrup√ß√£o e o (des)governo do PT foi para o Brasil! üáßüá∑ Ser√° que depois de dez pragas vamos nos livrar de tamanho mal???",pt,[],[],[],5,2,14,[],[],https://twitter.com/FederalFelicio/status/1276322795161636869,False,,0,,,,,,,,[],,,,
1275575361284247558,1275575361284247558,2020-06-23 23:43:59 UTC,2020-06-23,23:43:59,+0000,1168623393924616192,federalfelicio,Delegado Fel√≠cio Later√ßa,,Adiamento das elei√ß√µes: O @SenadoFederal aprovou em segundo turno a proposta de emenda √† Constitui√ß√£o (PEC n¬∫ 18/2020) que adia as elei√ß√µes municipais de outubro para novembro (dias 15 e 29). O texto segue para vota√ß√£o na C√¢mara dos Deputados.,pt,"[{'screen_name': 'senadofederal', 'name': 'senado federal', 'id': '40095953'}]",[],[],1,0,10,[],[],https://twitter.com/FederalFelicio/status/1275575361284247558,False,,0,,,,,,,,[],,,,
1275551914294378498,1275551914294378498,2020-06-23 22:10:49 UTC,2020-06-23,22:10:49,+0000,1168623393924616192,federalfelicio,Delegado Fel√≠cio Later√ßa,,"Adiamento das elei√ß√µes: O Plen√°rio do @SenadoFederal acaba de aprovar, em sess√£o remota, a proposta de emenda √† Constitui√ß√£o (PEC n¬∫ 18/2020) que adia as elei√ß√µes municipais de outubro para novembro (dias 15 e 29). Os senadores analisam neste momento os destaques √† proposta.",pt,"[{'screen_name': 'senadofederal', 'name': 'senado federal', 'id': '40095953'}]",[],[],0,0,7,[],[],https://twitter.com/FederalFelicio/status/1275551914294378498,False,,0,,,,,,,,[],,,,
1274828366840037379,1274828366840037379,2020-06-21 22:15:42 UTC,2020-06-21,22:15:42,+0000,1168623393924616192,federalfelicio,Delegado Fel√≠cio Later√ßa,,"Estarei ao vivo na @GloboNews logo mais, √†s 19h20 no programa ‚ÄòEm Pauta‚Äô. Acompanhem!",pt,"[{'screen_name': 'globonews', 'name': 'globonews', 'id': '142393421'}]",[],[],3,0,6,[],[],https://twitter.com/FederalFelicio/status/1274828366840037379,False,,0,,,,,,,,[],,,,
1273042669913153537,1273042669913153537,2020-06-16 23:59:59 UTC,2020-06-16,23:59:59,+0000,1168623393924616192,federalfelicio,Delegado Fel√≠cio Later√ßa,,"Ou vai ser BRT, ou comboio. #PFNeles  https://t.co/FJodcUqeO8",pt,[],[],['https://pbs.twimg.com/media/EarBjiVX0AIQlaA.jpg'],1,1,9,['pfneles'],[],https://twitter.com/FederalFelicio/status/1273042669913153537,False,,1,https://pbs.twimg.com/media/EarBjiVX0AIQlaA.jpg,,,,,,,[],,,,
1273041763582783491,1273041763582783491,2020-06-16 23:56:23 UTC,2020-06-16,23:56:23,+0000,1168623393924616192,federalfelicio,Delegado Fel√≠cio Later√ßa,,"Do jeito que as coisas andam no nosso combalido Estado do RJ, um √¥nibus vai ser pouco, vai ser de BRT. #PFNeles",pt,[],[],[],0,1,9,['pfneles'],[],https://twitter.com/FederalFelicio/status/1273041763582783491,False,,0,,,,,,,,[],,,,
1272957572191072258,1272957572191072258,2020-06-16 18:21:50 UTC,2020-06-16,18:21:50,+0000,1168623393924616192,federalfelicio,Delegado Fel√≠cio Later√ßa,,"Muito feliz pelo resultado! Viabilizamos a constru√ß√£o de um projeto arquitet√¥nico em parceria com o @MinCidadania para a cidade de Itabora√≠. O projeto conta com arboriza√ß√£o, parque infantil, quadra poliesportiva e equipamentos de gin√°stica.  https://t.co/xL9BTkYNFJ",pt,"[{'screen_name': 'mincidadania', 'name': 'minist√©rio da cidadania', 'id': '281572031'}]",[],['https://pbs.twimg.com/media/Eap0JYWXYAMRoCG.jpg'],0,2,6,[],[],https://twitter.com/FederalFelicio/status/1272957572191072258,False,,1,https://pbs.twimg.com/media/Eap0JYWXYAMRoCG.jpg,,,,,,,[],,,,
1272667963108274182,1272667963108274182,2020-06-15 23:11:02 UTC,2020-06-15,23:11:02,+0000,1168623393924616192,federalfelicio,Delegado Fel√≠cio Later√ßa,,"Em tempos de pandemia, pol√≠tico mau car√°ter torce pra n√£o passar. Est√£o pensando que, situa√ß√£o emergencial √© farra. A dispensa de licita√ß√£o n√£o ‚Äúdispensa‚Äù outros requisitos, al√©m dos princ√≠pios que regem a mat√©ria. Virou arapuca pra corrupto! ü¶† ü¶† ü¶†üëÄ PF neles!!! #PFNeles",pt,[],[],[],2,3,11,['pfneles'],[],https://twitter.com/FederalFelicio/status/1272667963108274182,False,,0,,,,,,,,[],,,,
1270422187971756032,1270422187971756032,2020-06-09 18:27:07 UTC,2020-06-09,18:27:07,+0000,1168623393924616192,federalfelicio,Delegado Fel√≠cio Later√ßa,,"Foi deflagrada na manh√£ de hoje (09) a opera√ß√£o SCEPTICUS, com o objetivo de apurar fraudes em licita√ß√µes no Fundo Municipal de Sa√∫de do Munic√≠pio de Carapebus.  A apura√ß√£o conjunta realizada pelos √≥rg√£os de‚Ä¶  https://t.co/Kimo032O8Z",pt,[],['https://www.instagram.com/p/CBOW-7QsvYW/?igshid=3wu87wazpm38'],[],0,0,4,[],[],https://twitter.com/FederalFelicio/status/1270422187971756032,False,,0,,,,,,,,[],,,,
1270161715947139075,1270161715947139075,2020-06-09 01:12:06 UTC,2020-06-09,01:12:06,+0000,1168623393924616192,federalfelicio,Delegado Fel√≠cio Later√ßa,,"Amigos de S√£o Gon√ßalo, nesta quinta-feira faremos um bate-papo com o ricardopericar √†s 17h. Participem conosco! Vamos falar sobre as principais problem√°ticas que nossa popula√ß√£o enfrenta neste momento de pandemia.‚Ä¶  https://t.co/a3J1KsnzRd",pt,[],['https://www.instagram.com/p/CBMfqLEFGet/?igshid=1ri00wcurzec4'],[],0,0,5,[],[],https://twitter.com/FederalFelicio/status/1270161715947139075,False,,0,,,,,,,,[],,,,
1269982760015466497,1269982760015466497,2020-06-08 13:20:59 UTC,2020-06-08,13:20:59,+0000,1168623393924616192,federalfelicio,Delegado Fel√≠cio Later√ßa,,"Santa Maria Madalena completa hoje 158 anos de emancipa√ß√£o pol√≠tico administrativa.  Cidade da Geologia do Estado do Rio de Janeiro, sediada numa regi√£o naturalmente exuberante, com afloramentos rochosos esculturais‚Ä¶  https://t.co/J1N3J0dM2X",pt,[],['https://www.instagram.com/p/CBLPJ85sgTe/?igshid=1jldapd7z5zu8'],[],0,0,4,[],[],https://twitter.com/FederalFelicio/status/1269982760015466497,False,,0,,,,,,,,[],,,,
1269978095437651968,1269978095437651968,2020-06-08 13:02:27 UTC,2020-06-08,13:02:27,+0000,1168623393924616192,federalfelicio,Delegado Fel√≠cio Later√ßa,,"Parab√©ns Princesinha da Regi√£o dos Lagos, Iguaba Grande, terra de gente animada e hospitaleira.  Nosso trabalho √© a nossa homenagem: ‚úÖ Destinamos recursos para o custeio da Sa√∫de em enfrentamento ao Covid-19. em‚Ä¶  https://t.co/9ivvzUfUjT",pt,[],['https://www.instagram.com/p/CBLNCGKsm_1/?igshid=1x9t5202iu1u6'],[],0,0,5,[],[],https://twitter.com/FederalFelicio/status/1269978095437651968,False,,0,,,,,,,,[],,,,
1174119210030632960,1174119210030632960,2019-09-18 00:33:28 UTC,2019-09-18,00:33:28,+0000,1168623393924616192,federalfelicio,Delegado Fel√≠cio Later√ßa,,"Confira o meu pronunciamento durante a Sess√£o Solene em Homenagem √† Semana Nacional do Tr√¢nsito. Os guerreiros e guerreiras da PRF merecem todo o nosso respeito e admira√ß√£o.  ""Unidos para vencer, patrulhando noite e dia""  #prf #oladodobem #pslnacamara #feliciolaterca  https://t.co/5aqP5gTvW2",pt,[],[],['https://pbs.twimg.com/media/EEtPMwZWwAAI1Gs.jpg'],58,2,12,"['prf', 'oladodobem', 'pslnacamara', 'feliciolaterca']",[],https://twitter.com/FederalFelicio/status/1174119210030632960,False,,1,https://pbs.twimg.com/media/EEtPMwZWwAAI1Gs.jpg,,,,,,,[],,,,
1171564764113330177,1171564764113330177,2019-09-10 23:23:01 UTC,2019-09-10,23:23:01,+0000,1168623393924616192,federalfelicio,Delegado Fel√≠cio Later√ßa,,Cumprindo mais uma agenda na C√¢mara recebendo os Vereadores Chuchu de Arraial do Cabo e Rodolfo Aguiar de Cabo Frio.  #oladobem #plsnacamara  https://t.co/7xtTKuQxfO,pt,[],[],"['https://pbs.twimg.com/media/EEI78ZnXUAEgMQw.jpg', 'https://pbs.twimg.com/media/EEI78ZDXsAA0Ucn.jpg']",3,1,6,"['oladobem', 'plsnacamara']",[],https://twitter.com/FederalFelicio/status/1171564764113330177,False,,1,https://pbs.twimg.com/media/EEI78ZnXUAEgMQw.jpg,,,,,,,[],,,,
1170283151186419713,1170283151186419713,2019-09-07 10:30:20 UTC,2019-09-07,10:30:20,+0000,1168623393924616192,federalfelicio,Delegado Fel√≠cio Later√ßa,,"Conquistamos a nossa INDEPEND√äNCIA h√° 197 anos. Que hoje possamos mais uma vez mostrar o amor pelo nosso pa√≠s, para que todos saibam que as nossas √°guas, flora, fauna e cultura pertencem apenas a n√≥s Brasileiros. Uma feliz Independ√™ncia a todos! #psl #gabinete275 #oladodobem  https://t.co/k1TQQWqie8",pt,[],[],['https://pbs.twimg.com/media/ED2uUv8X4AABJOz.jpg'],2,0,6,"['psl', 'gabinete275', 'oladodobem']",[],https://twitter.com/FederalFelicio/status/1170283151186419713,False,,1,https://pbs.twimg.com/media/ED2uUv8X4AABJOz.jpg,,,,,,,[],,,,
1170150238281224193,1170150238281224193,2019-09-07 01:42:11 UTC,2019-09-07,01:42:11,+0000,1168623393924616192,federalfelicio,Delegado Fel√≠cio Later√ßa,,"Visita institucional ao novo Presidente do Detran RJ, Marcelo Bertolucci.   P√≥s-graduado em Direito Penal e Processual pela Universidade C√¢ndido Mendes, Bertolucci. Delegado da Pol√≠cia Federal h√° 22 anos, era vice-presidente do √≥rg√£o desde o in√≠cio de 2019.  #detranrj #pslrj  https://t.co/X6kx48S92R",pt,[],[],"['https://pbs.twimg.com/media/ED01cCbWkAEgENE.jpg', 'https://pbs.twimg.com/media/ED01cBJXUAAp-Of.jpg', 'https://pbs.twimg.com/media/ED01cCJWwAE8c70.jpg']",2,0,6,"['detranrj', 'pslrj']",[],https://twitter.com/FederalFelicio/status/1170150238281224193,False,,1,https://pbs.twimg.com/media/ED01cCbWkAEgENE.jpg,,,,,,,[],,,,
1170144626638041089,1170144626638041089,2019-09-07 01:19:53 UTC,2019-09-07,01:19:53,+0000,1168623393924616192,federalfelicio,Delegado Fel√≠cio Later√ßa,,Nesta sexta-feira estive reunido com representantes do setor comercial e farmac√™utico debatendo a quest√£o das multas aplicadas pelo Conselho de Farm√°cia e a discuss√£o do atendimento remoto nos estabelecimentos.   #pslrj #oladodobem #psl #gabinete275  https://t.co/4lOW0Tvrx0,pt,[],[],"['https://pbs.twimg.com/media/ED0wVewXUAAqS0G.jpg', 'https://pbs.twimg.com/media/ED0wVdGWsAA-4el.jpg', 'https://pbs.twimg.com/media/ED0wVc9WwAAZUO0.jpg', 'https://pbs.twimg.com/media/ED0wVc1X4AUSbaU.jpg']",2,1,5,"['pslrj', 'oladodobem', 'psl', 'gabinete275']",[],https://twitter.com/FederalFelicio/status/1170144626638041089,False,,1,https://pbs.twimg.com/media/ED0wVewXUAAqS0G.jpg,,,,,,,[],,,,
1169715605068484608,1169715605068484608,2019-09-05 20:55:07 UTC,2019-09-05,20:55:07,+0000,1168623393924616192,federalfelicio,Delegado Fel√≠cio Later√ßa,,Participamos na manh√£ desta quinta-feira (5) da reuni√£o do Grupo Parlamentar Brasil-Chile com a presen√ßa do Ministro de Rela√ß√µes Exteriores do Chile Teodoro Ribera e do Embaixador chileno Fernando Schmidt.  https://t.co/Kd6QkBHnbN,pt,[],[],"['https://pbs.twimg.com/media/EDuqJKVXoAENlmL.jpg', 'https://pbs.twimg.com/media/EDuqJK8XkAAp2K_.jpg', 'https://pbs.twimg.com/media/EDuqJJ2XkAQDsN9.jpg', 'https://pbs.twimg.com/media/EDuqJJ9WsAAqzAr.jpg']",2,0,5,[],[],https://twitter.com/FederalFelicio/status/1169715605068484608,False,,1,https://pbs.twimg.com/media/EDuqJKVXoAENlmL.jpg,,,,,,,[],,,,
1168649439361343489,1168649439361343489,2019-09-02 22:18:33 UTC,2019-09-02,22:18:33,+0000,1168623393924616192,federalfelicio,Delegado Fel√≠cio Later√ßa,,"O nosso pa√≠s vive um novo momento, com um horizonte a ser percorrido n√£o visto h√° quase duas d√©cadas. Vamos mostrar a for√ßa do verde amarelo e o porqu√™ de  ""Ordem e Progresso"" estampar a nossa bandeira. Uma semana patri√≥tica a cada um de n√≥s. #oladodobem #psl #pslnacamara  https://t.co/LwHc64U2dG",pt,[],[],['https://pbs.twimg.com/media/EDfgdg2W4AAAPJD.jpg'],1,0,6,"['oladodobem', 'psl', 'pslnacamara']",[],https://twitter.com/FederalFelicio/status/1168649439361343489,False,,1,https://pbs.twimg.com/media/EDfgdg2W4AAAPJD.jpg,,,,,,,[],,,,
